{
  "delta_auc": 0.3822549890166227,
  "delta_f1": 0.5900362363497424,
  "delta_fnr": 0.736733481347134
}