dataset,setting,num_videos,num_real,num_fake,accuracy,precision,recall,f1,auc,fpr,fnr
ffpp,in_domain_clean,197,84,113,0.9898477157360406,0.9911504424778761,0.9911504424778761,0.9911504424778761,0.9996839443742099,0.011904761904761904,0.008849557522123894
dfdc,cross_dataset_clean_hf_subset,354,71,283,0.3926553672316384,0.9473684210526315,0.254416961130742,0.4011142061281337,0.6174289553575872,0.056338028169014086,0.7455830388692579
