{
  "accuracy": 0.3926553672316384,
  "precision": 0.9473684210526315,
  "recall": 0.254416961130742,
  "f1": 0.4011142061281337,
  "roc_auc": 0.6174289553575872,
  "fpr": 0.056338028169014086,
  "fnr": 0.7455830388692579,
  "auc": 0.6174289553575872
}