{
  "accuracy": 0.9847715736040609,
  "precision": 0.9910714285714286,
  "recall": 0.9823008849557522,
  "f1": 0.9866666666666667,
  "roc_auc": 0.9987357774968394,
  "fpr": 0.011904761904761904,
  "fnr": 0.017699115044247787,
  "auc": 0.9987357774968394
}