{
  "accuracy": 0.9898477157360406,
  "precision": 0.9911504424778761,
  "recall": 0.9911504424778761,
  "f1": 0.9911504424778761,
  "roc_auc": 0.9992625368731564,
  "fpr": 0.011904761904761904,
  "fnr": 0.008849557522123894,
  "auc": 0.9992625368731564
}