{
  "accuracy": 0.9644670050761421,
  "precision": 0.9818181818181818,
  "recall": 0.9557522123893806,
  "f1": 0.968609865470852,
  "roc_auc": 0.9963126843657817,
  "fpr": 0.023809523809523808,
  "fnr": 0.04424778761061947,
  "auc": 0.9963126843657817
}