{
  "accuracy": 0.6243654822335025,
  "precision": 0.6054054054054054,
  "recall": 0.9911504424778761,
  "f1": 0.7516778523489933,
  "roc_auc": 0.9070796460176992,
  "fpr": 0.8690476190476191,
  "fnr": 0.008849557522123894,
  "auc": 0.9070796460176992
}