{
  "accuracy": 0.934010152284264,
  "precision": 0.9032258064516129,
  "recall": 0.9911504424778761,
  "f1": 0.9451476793248945,
  "roc_auc": 0.993889591234724,
  "fpr": 0.14285714285714285,
  "fnr": 0.008849557522123894,
  "auc": 0.993889591234724
}