{
  "accuracy": 0.9949238578680203,
  "precision": 0.9912280701754386,
  "recall": 1.0,
  "f1": 0.9955947136563876,
  "roc_auc": 0.9992625368731564,
  "fpr": 0.011904761904761904,
  "fnr": 0.0,
  "auc": 0.9992625368731564
}