{
  "accuracy": 0.9847715736040609,
  "precision": 0.9824561403508771,
  "recall": 0.9911504424778761,
  "f1": 0.986784140969163,
  "roc_auc": 0.9997892962494732,
  "fpr": 0.023809523809523808,
  "fnr": 0.008849557522123894,
  "auc": 0.9997892962494732
}