{
  "accuracy": 0.8730964467005076,
  "precision": 1.0,
  "recall": 0.7787610619469026,
  "f1": 0.8756218905472637,
  "roc_auc": 0.9954698693636747,
  "fpr": 0.0,
  "fnr": 0.22123893805309736,
  "auc": 0.9954698693636747
}