{
  "accuracy": 0.8527918781725888,
  "precision": 1.0,
  "recall": 0.7433628318584071,
  "f1": 0.8527918781725888,
  "roc_auc": 0.9861989043404973,
  "fpr": 0.0,
  "fnr": 0.25663716814159293,
  "auc": 0.9861989043404973
}