{
  "accuracy": 0.9898477157360406,
  "precision": 1.0,
  "recall": 0.9823008849557522,
  "f1": 0.9910714285714286,
  "roc_auc": 1.0,
  "fpr": 0.0,
  "fnr": 0.017699115044247787,
  "auc": 1.0
}