{
  "accuracy": 0.9390862944162437,
  "precision": 1.0,
  "recall": 0.8938053097345132,
  "f1": 0.9439252336448598,
  "roc_auc": 0.9978929624947324,
  "fpr": 0.0,
  "fnr": 0.10619469026548672,
  "auc": 0.9978929624947324
}