{
  "accuracy": 0.5736040609137056,
  "precision": 0.5736040609137056,
  "recall": 1.0,
  "f1": 0.7290322580645161,
  "roc_auc": 0.6352718078381795,
  "fpr": 1.0,
  "fnr": 0.0,
  "auc": 0.6352718078381795
}