{
  "accuracy": 0.9086294416243654,
  "precision": 1.0,
  "recall": 0.8407079646017699,
  "f1": 0.9134615384615384,
  "roc_auc": 0.9947324062368309,
  "fpr": 0.0,
  "fnr": 0.1592920353982301,
  "auc": 0.9947324062368309
}