dataset,condition,accuracy,f1,auc,fpr,fnr,delta_auc,delta_fnr
ffpp,clean,0.9898477157360406,0.991150442477876,0.99968394437421,0.0119047619047619,0.0088495575221238,0.0,0.0
ffpp,jpeg_q50,0.8730964467005076,0.8756218905472637,0.9954698693636748,0.0,0.2212389380530973,0.0042140750105352,0.2123893805309734
ffpp,gaussian_noise_s8,0.8527918781725888,0.8527918781725888,0.9861989043404972,0.0,0.2566371681415929,0.0134850400337127,0.2477876106194691
ffpp,speckle_s005,0.9086294416243654,0.9134615384615384,0.9947324062368308,0.0,0.1592920353982301,0.0049515381373791,0.1504424778761063
ffpp,blur_s2,0.6243654822335025,0.7516778523489933,0.9070796460176992,0.8690476190476191,0.0088495575221238,0.0926042983565107,0.0
ffpp,pixelate_b8,0.5736040609137056,0.7290322580645161,0.6352718078381795,1.0,0.0,0.3644121365360305,-0.0088495575221238
ffpp,combo_comp_blur_noise,0.964467005076142,0.968609865470852,0.9963126843657812,0.023809523809523,0.044247787610619,0.0033712600084289,0.0353982300884952
