dataset,accuracy,f1,auc,fpr,fnr
FF++ clean,0.9898477157360406,0.9911504424778761,0.9996839443742099,0.011904761904761904,0.008849557522123894
DFDC cross-dataset,0.3926553672316384,0.4011142061281337,0.6174289553575872,0.056338028169014086,0.7455830388692579
